{
    "rmse": 4699.226683072455,
    "mae": 2591.8695780617063,
    "r2": 0.8598309286687262
}